accuracy,balanced_accuracy,precision,recall,f1,confusion_matrix,held_out_date,model,feature,labels,granularity
0.7049847405900305,0.5037095524700554,0.7055214723926381,0.9971098265895953,0.8263473053892215,"[[3, 288], [2, 690]]",2026-09-15,svm,doppler,real,window
0.6428571428571429,0.5,0.6428571428571429,1.0,0.782608695652174,"[[0, 5], [0, 9]]",2026-09-15,svm,doppler,real,session
0.5584944048830112,0.4942519317482073,0.7003105590062112,0.6517341040462428,0.6751497005988024,"[[98, 193], [241, 451]]",2026-09-15,random_forest,doppler,real,window
0.5714285714285714,0.48888888888888893,0.6363636363636364,0.7777777777777778,0.7,"[[1, 4], [2, 7]]",2026-09-15,random_forest,doppler,real,session
0.7390374331550802,0.5,0.7390374331550802,1.0,0.8499384993849939,"[[0, 244], [0, 691]]",2026-09-16,svm,doppler,real,window
0.6923076923076923,0.5,0.6923076923076923,1.0,0.8181818181818182,"[[0, 4], [0, 9]]",2026-09-16,svm,doppler,real,session
0.4556149732620321,0.5084132049061707,0.7472826086956522,0.3979739507959479,0.5193578847969783,"[[151, 93], [416, 275]]",2026-09-16,random_forest,doppler,real,window
0.46153846153846156,0.5416666666666666,0.75,0.3333333333333333,0.46153846153846156,"[[3, 1], [6, 3]]",2026-09-16,random_forest,doppler,real,session
0.6123853211009175,0.5,0.6123853211009175,1.0,0.7596017069701281,"[[0, 169], [0, 267]]",2026-09-17,svm,doppler,real,window
0.625,0.5,0.625,1.0,0.7692307692307693,"[[0, 3], [0, 5]]",2026-09-17,svm,doppler,real,session
0.5504587155963303,0.5037342375285331,0.6148867313915858,0.7116104868913857,0.6597222222222222,"[[50, 119], [77, 190]]",2026-09-17,random_forest,doppler,real,window
0.75,0.6666666666666666,0.7142857142857143,1.0,0.8333333333333334,"[[1, 2], [0, 5]]",2026-09-17,random_forest,doppler,real,session
0.7484375,0.5010416666666667,0.750392464678179,0.9958333333333333,0.855863921217547,"[[1, 159], [2, 478]]",2026-09-21,svm,doppler,real,window
0.75,0.5,0.75,1.0,0.8571428571428571,"[[0, 2], [0, 6]]",2026-09-21,svm,doppler,real,session
0.371875,0.50625,0.76,0.2375,0.3619047619047619,"[[124, 36], [366, 114]]",2026-09-21,random_forest,doppler,real,window
0.25,0.5,0.0,0.0,0.0,"[[2, 0], [6, 0]]",2026-09-21,random_forest,doppler,real,session
0.68,0.4880952380952381,0.6948717948717948,0.9678571428571429,0.808955223880597,"[[2, 238], [18, 542]]",2026-09-22,svm,doppler,real,window
0.7,0.5,0.7,1.0,0.8235294117647058,"[[0, 3], [0, 7]]",2026-09-22,svm,doppler,real,session
0.43625,0.4544642857142857,0.6561604584527221,0.4089285714285714,0.5038503850385039,"[[120, 120], [331, 229]]",2026-09-22,random_forest,doppler,real,window
0.3,0.5,0.0,0.0,0.0,"[[3, 0], [7, 0]]",2026-09-22,random_forest,doppler,real,session
0.6134615384615385,0.49890625,0.6148648648648649,0.9953125,0.7601431980906921,"[[1, 399], [3, 637]]",2026-09-24,svm,doppler,real,window
0.6153846153846154,0.5,0.6153846153846154,1.0,0.7619047619047619,"[[0, 5], [0, 8]]",2026-09-24,svm,doppler,real,session
0.4807692307692308,0.4375,0.5714285714285714,0.625,0.5970149253731343,"[[100, 300], [240, 400]]",2026-09-24,random_forest,doppler,real,window
0.6153846153846154,0.5,0.6153846153846154,1.0,0.7619047619047619,"[[0, 5], [0, 8]]",2026-09-24,random_forest,doppler,real,session
0.5218718209562564,0.5,0.5218718209562564,1.0,0.6858288770053476,"[[0, 470], [0, 513]]",2026-09-15,svm,doppler,shuffled_0,window
0.5,0.5,0.5,1.0,0.6666666666666666,"[[0, 7], [0, 7]]",2026-09-15,svm,doppler,shuffled_0,session
0.47812817904374366,0.46014059972626603,0.5,0.8713450292397661,0.6353944562899787,"[[23, 447], [66, 447]]",2026-09-15,random_forest,doppler,shuffled_0,window
0.5,0.5,0.5,1.0,0.6666666666666666,"[[0, 7], [0, 7]]",2026-09-15,random_forest,doppler,shuffled_0,session
0.786096256684492,0.49065420560747663,0.7980456026058632,0.9813084112149533,0.8802395209580839,"[[0, 186], [14, 735]]",2026-09-16,svm,doppler,shuffled_0,window
0.7692307692307693,0.5,0.7692307692307693,1.0,0.8695652173913043,"[[0, 3], [0, 10]]",2026-09-16,svm,doppler,shuffled_0,session
0.5786096256684492,0.45611711672911553,0.7804107424960506,0.6595460614152203,0.7149059334298119,"[[47, 139], [255, 494]]",2026-09-16,random_forest,doppler,shuffled_0,window
0.5384615384615384,0.35,0.7,0.7,0.7,"[[0, 3], [3, 7]]",2026-09-16,random_forest,doppler,shuffled_0,session
0.7568807339449541,0.5,0.7568807339449541,1.0,0.8616187989556136,"[[0, 106], [0, 330]]",2026-09-17,svm,doppler,shuffled_0,window
0.75,0.5,0.75,1.0,0.8571428571428571,"[[0, 2], [0, 6]]",2026-09-17,svm,doppler,shuffled_0,session
0.6628440366972477,0.4730989136649514,0.7453083109919572,0.8424242424242424,0.7908961593172119,"[[11, 95], [52, 278]]",2026-09-17,random_forest,doppler,shuffled_0,window
0.75,0.5,0.75,1.0,0.8571428571428571,"[[0, 2], [0, 6]]",2026-09-17,random_forest,doppler,shuffled_0,session
0.75,0.5,0.75,1.0,0.8571428571428571,"[[0, 160], [0, 480]]",2026-09-21,svm,doppler,shuffled_0,window
0.75,0.5,0.75,1.0,0.8571428571428571,"[[0, 2], [0, 6]]",2026-09-21,svm,doppler,shuffled_0,session
0.4625,0.51875,0.7677165354330708,0.40625,0.5313351498637602,"[[101, 59], [285, 195]]",2026-09-21,random_forest,doppler,shuffled_0,window
0.25,0.5,0.0,0.0,0.0,"[[2, 0], [6, 0]]",2026-09-21,random_forest,doppler,shuffled_0,session
0.7,0.5,0.7,1.0,0.8235294117647058,"[[0, 240], [0, 560]]",2026-09-22,svm,doppler,shuffled_0,window
0.7,0.5,0.7,1.0,0.8235294117647058,"[[0, 3], [0, 7]]",2026-09-22,svm,doppler,shuffled_0,session
0.565,0.5166666666666666,0.7111553784860558,0.6375,0.672316384180791,"[[95, 145], [203, 357]]",2026-09-22,random_forest,doppler,shuffled_0,window
0.6,0.42857142857142855,0.6666666666666666,0.8571428571428571,0.75,"[[0, 3], [1, 6]]",2026-09-22,random_forest,doppler,shuffled_0,session
0.6163461538461539,0.50125,0.6159769008662175,1.0,0.7623585467540203,"[[1, 399], [0, 640]]",2026-09-24,svm,doppler,shuffled_0,window
0.6153846153846154,0.5,0.6153846153846154,1.0,0.7619047619047619,"[[0, 5], [0, 8]]",2026-09-24,svm,doppler,shuffled_0,session
0.5923076923076923,0.498125,0.614406779661017,0.90625,0.7323232323232324,"[[36, 364], [60, 580]]",2026-09-24,random_forest,doppler,shuffled_0,window
0.6153846153846154,0.5,0.6153846153846154,1.0,0.7619047619047619,"[[0, 5], [0, 8]]",2026-09-24,random_forest,doppler,shuffled_0,session
0.6002034587995931,0.5,0.6002034587995931,1.0,0.7501589319771138,"[[0, 393], [0, 590]]",2026-09-15,svm,doppler,shuffled_1,window
0.5714285714285714,0.5,0.5714285714285714,1.0,0.7272727272727273,"[[0, 6], [0, 8]]",2026-09-15,svm,doppler,shuffled_1,session
0.5910478128179044,0.5450489498425842,0.6294765840220385,0.7745762711864407,0.6945288753799392,"[[124, 269], [133, 457]]",2026-09-15,random_forest,doppler,shuffled_1,window
0.7142857142857143,0.6666666666666666,0.6666666666666666,1.0,0.8,"[[2, 4], [0, 8]]",2026-09-15,random_forest,doppler,shuffled_1,session
0.6844919786096256,0.5,0.6844919786096256,1.0,0.8126984126984127,"[[0, 295], [0, 640]]",2026-09-16,svm,doppler,shuffled_1,window
0.6153846153846154,0.5,0.6153846153846154,1.0,0.7619047619047619,"[[0, 5], [0, 8]]",2026-09-16,svm,doppler,shuffled_1,session
0.43315508021390375,0.53203125,0.7412280701754386,0.2640625,0.38940092165898615,"[[236, 59], [471, 169]]",2026-09-16,random_forest,doppler,shuffled_1,window
0.38461538461538464,0.4625,0.5,0.125,0.2,"[[4, 1], [7, 1]]",2026-09-16,random_forest,doppler,shuffled_1,session
0.6330275229357798,0.5,0.6330275229357798,1.0,0.7752808988764045,"[[0, 160], [0, 276]]",2026-09-17,svm,doppler,shuffled_1,window
0.625,0.5,0.625,1.0,0.7692307692307693,"[[0, 3], [0, 5]]",2026-09-17,svm,doppler,shuffled_1,session
0.5068807339449541,0.5566576086956522,0.7132867132867133,0.3695652173913043,0.48687350835322196,"[[119, 41], [174, 102]]",2026-09-17,random_forest,doppler,shuffled_1,window
0.5,0.6,1.0,0.2,0.3333333333333333,"[[3, 0], [4, 1]]",2026-09-17,random_forest,doppler,shuffled_1,session
0.75,0.5,0.75,1.0,0.8571428571428571,"[[0, 160], [0, 480]]",2026-09-21,svm,doppler,shuffled_1,window
0.75,0.5,0.75,1.0,0.8571428571428571,"[[0, 2], [0, 6]]",2026-09-21,svm,doppler,shuffled_1,session
0.7515625,0.5114583333333333,0.7543581616481775,0.9916666666666667,0.8568856885688569,"[[5, 155], [4, 476]]",2026-09-21,random_forest,doppler,shuffled_1,window
0.75,0.5,0.75,1.0,0.8571428571428571,"[[0, 2], [0, 6]]",2026-09-21,random_forest,doppler,shuffled_1,session
0.7,0.5,0.7,1.0,0.8235294117647058,"[[0, 240], [0, 560]]",2026-09-22,svm,doppler,shuffled_1,window
0.7,0.5,0.7,1.0,0.8235294117647058,"[[0, 3], [0, 7]]",2026-09-22,svm,doppler,shuffled_1,session
0.69625,0.5008928571428571,0.7003792667509482,0.9892857142857143,0.8201332346410066,"[[3, 237], [6, 554]]",2026-09-22,random_forest,doppler,shuffled_1,window
0.7,0.5,0.7,1.0,0.8235294117647058,"[[0, 3], [0, 7]]",2026-09-22,random_forest,doppler,shuffled_1,session
0.7682692307692308,0.499375,0.7690086621751684,0.99875,0.8689505165851006,"[[0, 240], [1, 799]]",2026-09-24,svm,doppler,shuffled_1,window
0.7692307692307693,0.5,0.7692307692307693,1.0,0.8695652173913043,"[[0, 3], [0, 10]]",2026-09-24,svm,doppler,shuffled_1,session
0.7471153846153846,0.49874999999999997,0.7687687687687688,0.96,0.8538076709282935,"[[9, 231], [32, 768]]",2026-09-24,random_forest,doppler,shuffled_1,window
0.7692307692307693,0.5,0.7692307692307693,1.0,0.8695652173913043,"[[0, 3], [0, 10]]",2026-09-24,random_forest,doppler,shuffled_1,session
0.7619532044760936,0.5,0.7619532044760936,1.0,0.8648960739030023,"[[0, 234], [0, 749]]",2026-09-15,svm,doppler,shuffled_2,window
0.7857142857142857,0.5,0.7857142857142857,1.0,0.88,"[[0, 3], [0, 11]]",2026-09-15,svm,doppler,shuffled_2,session
0.32044760935910477,0.521749797450732,0.824,0.1375166889185581,0.23569794050343248,"[[212, 22], [646, 103]]",2026-09-15,random_forest,doppler,shuffled_2,window
0.21428571428571427,0.5,0.0,0.0,0.0,"[[3, 0], [11, 0]]",2026-09-15,random_forest,doppler,shuffled_2,session
0.48663101604278075,0.5002816630485559,0.48464163822525597,0.9403973509933775,0.6396396396396397,"[[29, 453], [27, 426]]",2026-09-16,svm,doppler,shuffled_2,window
0.46153846153846156,0.5,0.46153846153846156,1.0,0.631578947368421,"[[0, 7], [0, 6]]",2026-09-16,svm,doppler,shuffled_2,session
0.4855614973262032,0.49120890696417613,0.4780564263322884,0.673289183222958,0.5591200733272227,"[[149, 333], [148, 305]]",2026-09-16,random_forest,doppler,shuffled_2,window
0.46153846153846156,0.47619047619047616,0.4444444444444444,0.6666666666666666,0.5333333333333333,"[[2, 5], [2, 4]]",2026-09-16,random_forest,doppler,shuffled_2,session
0.6353211009174312,0.5,0.6353211009174312,1.0,0.7769985974754559,"[[0, 159], [0, 277]]",2026-09-17,svm,doppler,shuffled_2,window
0.625,0.5,0.625,1.0,0.7692307692307693,"[[0, 3], [0, 5]]",2026-09-17,svm,doppler,shuffled_2,session
0.5389908256880734,0.623788116159208,0.8958333333333334,0.3104693140794224,0.46112600536193027,"[[149, 10], [191, 86]]",2026-09-17,random_forest,doppler,shuffled_2,window
0.5,0.6,1.0,0.2,0.3333333333333333,"[[3, 0], [4, 1]]",2026-09-17,random_forest,doppler,shuffled_2,session
0.75,0.5,0.75,1.0,0.8571428571428571,"[[0, 160], [0, 480]]",2026-09-21,svm,doppler,shuffled_2,window
0.75,0.5,0.75,1.0,0.8571428571428571,"[[0, 2], [0, 6]]",2026-09-21,svm,doppler,shuffled_2,session
0.675,0.48125,0.7419928825622776,0.86875,0.800383877159309,"[[15, 145], [63, 417]]",2026-09-21,random_forest,doppler,shuffled_2,window
0.75,0.5,0.75,1.0,0.8571428571428571,"[[0, 2], [0, 6]]",2026-09-21,random_forest,doppler,shuffled_2,session
0.8,0.50234375,0.8007518796992481,0.9984375,0.8887343532684284,"[[1, 159], [1, 639]]",2026-09-22,svm,doppler,shuffled_2,window
0.8,0.5,0.8,1.0,0.8888888888888888,"[[0, 2], [0, 8]]",2026-09-22,svm,doppler,shuffled_2,session
0.72125,0.5,0.8,0.86875,0.8329588014981273,"[[21, 139], [84, 556]]",2026-09-22,random_forest,doppler,shuffled_2,window
0.8,0.5,0.8,1.0,0.8888888888888888,"[[0, 2], [0, 8]]",2026-09-22,random_forest,doppler,shuffled_2,session
0.6163461538461539,0.50125,0.6159769008662175,1.0,0.7623585467540203,"[[1, 399], [0, 640]]",2026-09-24,svm,doppler,shuffled_2,window
0.6153846153846154,0.5,0.6153846153846154,1.0,0.7619047619047619,"[[0, 5], [0, 8]]",2026-09-24,svm,doppler,shuffled_2,session
0.6105769230769231,0.49890625,0.6148582600195504,0.9828125,0.756464221286831,"[[6, 394], [11, 629]]",2026-09-24,random_forest,doppler,shuffled_2,window
0.6153846153846154,0.5,0.6153846153846154,1.0,0.7619047619047619,"[[0, 5], [0, 8]]",2026-09-24,random_forest,doppler,shuffled_2,session
0.7446592065106816,0.5,0.7446592065106816,1.0,0.8536443148688047,"[[0, 251], [0, 732]]",2026-09-15,svm,doppler,shuffled_3,window
0.7142857142857143,0.5,0.7142857142857143,1.0,0.8333333333333334,"[[0, 4], [0, 10]]",2026-09-15,svm,doppler,shuffled_3,session
0.7344862665310274,0.5429103259094769,0.7625418060200669,0.9344262295081968,0.8397790055248618,"[[38, 213], [48, 684]]",2026-09-15,random_forest,doppler,shuffled_3,window
0.7142857142857143,0.5,0.7142857142857143,1.0,0.8333333333333334,"[[0, 4], [0, 10]]",2026-09-15,random_forest,doppler,shuffled_3,session
0.7700534759358288,0.5,0.7700534759358288,1.0,0.8700906344410876,"[[0, 215], [0, 720]]",2026-09-16,svm,doppler,shuffled_3,window
0.7692307692307693,0.5,0.7692307692307693,1.0,0.8695652173913043,"[[0, 3], [0, 10]]",2026-09-16,svm,doppler,shuffled_3,session
0.706951871657754,0.5259043927648579,0.7808564231738035,0.8611111111111112,0.8190224570673712,"[[41, 174], [100, 620]]",2026-09-16,random_forest,doppler,shuffled_3,window
0.7692307692307693,0.5,0.7692307692307693,1.0,0.8695652173913043,"[[0, 3], [0, 10]]",2026-09-16,random_forest,doppler,shuffled_3,session
0.7454128440366973,0.5073853615520282,0.745958429561201,0.9969135802469136,0.8533685601056803,"[[2, 110], [1, 323]]",2026-09-17,svm,doppler,shuffled_3,window
0.75,0.5,0.75,1.0,0.8571428571428571,"[[0, 2], [0, 6]]",2026-09-17,svm,doppler,shuffled_3,session
0.7201834862385321,0.5342261904761905,0.7576530612244898,0.9166666666666666,0.8296089385474861,"[[17, 95], [27, 297]]",2026-09-17,random_forest,doppler,shuffled_3,window
0.75,0.5,0.75,1.0,0.8571428571428571,"[[0, 2], [0, 6]]",2026-09-17,random_forest,doppler,shuffled_3,session
0.25,0.4979166666666667,0.24921630094043887,0.99375,0.39849624060150374,"[[1, 479], [1, 159]]",2026-09-21,svm,doppler,shuffled_3,window
0.25,0.5,0.25,1.0,0.4,"[[0, 6], [0, 2]]",2026-09-21,svm,doppler,shuffled_3,session
0.5765625,0.4552083333333333,0.18994413407821228,0.2125,0.20058997050147492,"[[335, 145], [126, 34]]",2026-09-21,random_forest,doppler,shuffled_3,window
0.75,0.5,0.0,0.0,0.0,"[[6, 0], [2, 0]]",2026-09-21,random_forest,doppler,shuffled_3,session
0.51375,0.49910714285714286,0.6993006993006993,0.5357142857142857,0.6066734074823054,"[[111, 129], [260, 300]]",2026-09-22,svm,doppler,shuffled_3,window
0.7,0.5952380952380952,0.75,0.8571428571428571,0.8,"[[1, 2], [1, 6]]",2026-09-22,svm,doppler,shuffled_3,session
0.325,0.5023809523809524,0.717391304347826,0.05892857142857143,0.10891089108910891,"[[227, 13], [527, 33]]",2026-09-22,random_forest,doppler,shuffled_3,window
0.3,0.5,0.0,0.0,0.0,"[[3, 0], [7, 0]]",2026-09-22,random_forest,doppler,shuffled_3,session
0.4576923076923077,0.5137152777777778,0.7085561497326203,0.3680555555555556,0.4844606946983547,"[[211, 109], [455, 265]]",2026-09-24,svm,doppler,shuffled_3,window
0.3076923076923077,0.4305555555555556,0.5,0.1111111111111111,0.18181818181818182,"[[3, 1], [8, 1]]",2026-09-24,svm,doppler,shuffled_3,session
0.3269230769230769,0.5034722222222222,0.7272727272727273,0.044444444444444446,0.08376963350785341,"[[308, 12], [688, 32]]",2026-09-24,random_forest,doppler,shuffled_3,window
0.3076923076923077,0.5,0.0,0.0,0.0,"[[4, 0], [9, 0]]",2026-09-24,random_forest,doppler,shuffled_3,session
0.7792472024415056,0.5,0.7792472024415056,1.0,0.8759291023441966,"[[0, 217], [0, 766]]",2026-09-15,svm,doppler,shuffled_4,window
0.7857142857142857,0.5,0.7857142857142857,1.0,0.88,"[[0, 3], [0, 11]]",2026-09-15,svm,doppler,shuffled_4,session
0.7375381485249237,0.517825558590319,0.786036036036036,0.9112271540469974,0.8440145102781137,"[[27, 190], [68, 698]]",2026-09-15,random_forest,doppler,shuffled_4,window
0.7857142857142857,0.5,0.7857142857142857,1.0,0.88,"[[0, 3], [0, 11]]",2026-09-15,random_forest,doppler,shuffled_4,session
0.7390374331550802,0.49712230215827335,0.7422126745435016,0.9942446043165467,0.8499384993849939,"[[0, 240], [4, 691]]",2026-09-16,svm,doppler,shuffled_4,window
0.7692307692307693,0.5,0.7692307692307693,1.0,0.8695652173913043,"[[0, 3], [0, 10]]",2026-09-16,svm,doppler,shuffled_4,session
0.5786096256684492,0.44922062350119907,0.7171717171717171,0.7151079136690648,0.7161383285302594,"[[44, 196], [198, 497]]",2026-09-16,random_forest,doppler,shuffled_4,window
0.6153846153846154,0.4,0.7272727272727273,0.8,0.7619047619047619,"[[0, 3], [2, 8]]",2026-09-16,random_forest,doppler,shuffled_4,session
0.6215596330275229,0.5,0.6215596330275229,1.0,0.7666195190947667,"[[0, 165], [0, 271]]",2026-09-17,svm,doppler,shuffled_4,window
0.625,0.5,0.625,1.0,0.7692307692307693,"[[0, 3], [0, 5]]",2026-09-17,svm,doppler,shuffled_4,session
0.6192660550458715,0.5028961198702896,0.6229508196721312,0.981549815498155,0.7621776504297995,"[[4, 161], [5, 266]]",2026-09-17,random_forest,doppler,shuffled_4,window
0.625,0.5,0.625,1.0,0.7692307692307693,"[[0, 3], [0, 5]]",2026-09-17,random_forest,doppler,shuffled_4,session
0.328125,0.5196428571428572,0.891566265060241,0.2642857142857143,0.40771349862258954,"[[62, 18], [412, 148]]",2026-09-21,svm,doppler,shuffled_4,window
0.125,0.5,0.0,0.0,0.0,"[[1, 0], [7, 0]]",2026-09-21,svm,doppler,shuffled_4,session
0.13125,0.5035714285714286,1.0,0.007142857142857143,0.014184397163120567,"[[80, 0], [556, 4]]",2026-09-21,random_forest,doppler,shuffled_4,window
0.125,0.5,0.0,0.0,0.0,"[[1, 0], [7, 0]]",2026-09-21,random_forest,doppler,shuffled_4,session
0.49125,0.49125,0.4946727549467275,0.8125,0.6149479659413434,"[[68, 332], [75, 325]]",2026-09-22,svm,doppler,shuffled_4,window
0.5,0.5,0.5,1.0,0.6666666666666666,"[[0, 5], [0, 5]]",2026-09-22,svm,doppler,shuffled_4,session
0.47875,0.47875,0.44654088050314467,0.1775,0.25402504472271914,"[[312, 88], [329, 71]]",2026-09-22,random_forest,doppler,shuffled_4,window
0.5,0.5,0.0,0.0,0.0,"[[5, 0], [5, 0]]",2026-09-22,random_forest,doppler,shuffled_4,session
0.46153846153846156,0.5,0.46153846153846156,1.0,0.631578947368421,"[[0, 560], [0, 480]]",2026-09-24,svm,doppler,shuffled_4,window
0.46153846153846156,0.5,0.46153846153846156,1.0,0.631578947368421,"[[0, 7], [0, 6]]",2026-09-24,svm,doppler,shuffled_4,session
0.5576923076923077,0.5523809523809524,0.5225225225225225,0.48333333333333334,0.5021645021645021,"[[348, 212], [248, 232]]",2026-09-24,random_forest,doppler,shuffled_4,window
0.6153846153846154,0.5833333333333334,1.0,0.16666666666666666,0.2857142857142857,"[[7, 0], [5, 1]]",2026-09-24,random_forest,doppler,shuffled_4,session
0.7212614445574771,0.5,0.7212614445574771,1.0,0.8380614657210402,"[[0, 274], [0, 709]]",2026-09-15,svm,doppler,shuffled_5,window
0.7142857142857143,0.5,0.7142857142857143,1.0,0.8333333333333334,"[[0, 4], [0, 10]]",2026-09-15,svm,doppler,shuffled_5,session
0.49440488301119023,0.5095564844079766,0.7294372294372294,0.47531734837799716,0.5755764304013663,"[[149, 125], [372, 337]]",2026-09-15,random_forest,doppler,shuffled_5,window
0.5,0.575,0.8,0.4,0.5333333333333333,"[[3, 1], [6, 4]]",2026-09-15,random_forest,doppler,shuffled_5,session
0.5732620320855615,0.5,0.5732620320855615,1.0,0.7287559483344663,"[[0, 399], [0, 536]]",2026-09-16,svm,doppler,shuffled_5,window
0.5384615384615384,0.5,0.5384615384615384,1.0,0.7,"[[0, 6], [0, 7]]",2026-09-16,svm,doppler,shuffled_5,session
0.5818181818181818,0.5193136759809973,0.5834292289988493,0.9458955223880597,0.7217081850533807,"[[37, 362], [29, 507]]",2026-09-16,random_forest,doppler,shuffled_5,window
0.5384615384615384,0.5,0.5384615384615384,1.0,0.7,"[[0, 6], [0, 7]]",2026-09-16,random_forest,doppler,shuffled_5,session
0.7454128440366973,0.5,0.7454128440366973,1.0,0.8541392904073587,"[[0, 111], [0, 325]]",2026-09-17,svm,doppler,shuffled_5,window
0.75,0.5,0.75,1.0,0.8571428571428571,"[[0, 2], [0, 6]]",2026-09-17,svm,doppler,shuffled_5,session
0.3761467889908257,0.4243381843381843,0.6666666666666666,0.3261538461538461,0.4380165289256198,"[[58, 53], [219, 106]]",2026-09-17,random_forest,doppler,shuffled_5,window
0.125,0.25,0.0,0.0,0.0,"[[1, 1], [6, 0]]",2026-09-17,random_forest,doppler,shuffled_5,session
0.871875,0.4982142857142857,0.8746081504702194,0.9964285714285714,0.9315525876460768,"[[0, 80], [2, 558]]",2026-09-21,svm,doppler,shuffled_5,window
0.875,0.5,0.875,1.0,0.9333333333333333,"[[0, 1], [0, 7]]",2026-09-21,svm,doppler,shuffled_5,session
0.2734375,0.42410714285714285,0.8064516129032258,0.22321428571428573,0.34965034965034963,"[[50, 30], [435, 125]]",2026-09-21,random_forest,doppler,shuffled_5,window
0.125,0.5,0.0,0.0,0.0,"[[1, 0], [7, 0]]",2026-09-21,random_forest,doppler,shuffled_5,session
0.70125,0.5020833333333333,0.7008760951188986,1.0,0.8241353936718175,"[[1, 239], [0, 560]]",2026-09-22,svm,doppler,shuffled_5,window
0.7,0.5,0.7,1.0,0.8235294117647058,"[[0, 3], [0, 7]]",2026-09-22,svm,doppler,shuffled_5,session
0.575,0.48809523809523814,0.6929824561403509,0.7053571428571429,0.6991150442477876,"[[65, 175], [165, 395]]",2026-09-22,random_forest,doppler,shuffled_5,window
0.7,0.5,0.7,1.0,0.8235294117647058,"[[0, 3], [0, 7]]",2026-09-22,random_forest,doppler,shuffled_5,session
0.5384615384615384,0.5,0.5384615384615384,1.0,0.7,"[[0, 480], [0, 560]]",2026-09-24,svm,doppler,shuffled_5,window
0.5384615384615384,0.5,0.5384615384615384,1.0,0.7,"[[0, 6], [0, 7]]",2026-09-24,svm,doppler,shuffled_5,session
0.5307692307692308,0.4953869047619048,0.5360721442885772,0.9553571428571429,0.686777920410783,"[[17, 463], [25, 535]]",2026-09-24,random_forest,doppler,shuffled_5,window
0.5384615384615384,0.5,0.5384615384615384,1.0,0.7,"[[0, 6], [0, 7]]",2026-09-24,random_forest,doppler,shuffled_5,session
0.6744659206510681,0.5008083521870287,0.6748216106014271,0.9984917043740573,0.805352798053528,"[[1, 319], [1, 662]]",2026-09-15,svm,doppler,shuffled_6,window
0.7142857142857143,0.5,0.7142857142857143,1.0,0.8333333333333334,"[[0, 4], [0, 10]]",2026-09-15,svm,doppler,shuffled_6,session
0.6225839267548321,0.4704303355957768,0.6604395604395604,0.9064856711915535,0.7641449459631278,"[[11, 309], [62, 601]]",2026-09-15,random_forest,doppler,shuffled_6,window
0.7142857142857143,0.5,0.7142857142857143,1.0,0.8333333333333334,"[[0, 4], [0, 10]]",2026-09-15,random_forest,doppler,shuffled_6,session
0.906951871657754,0.5072368421052631,0.9155844155844156,0.9894736842105263,0.9510961214165261,"[[2, 78], [9, 846]]",2026-09-16,svm,doppler,shuffled_6,window
0.9230769230769231,0.5,0.9230769230769231,1.0,0.96,"[[0, 1], [0, 12]]",2026-09-16,svm,doppler,shuffled_6,session
0.27593582887700535,0.5587719298245615,0.9587628865979382,0.21754385964912282,0.3546234509056244,"[[72, 8], [669, 186]]",2026-09-16,random_forest,doppler,shuffled_6,window
0.15384615384615385,0.5416666666666666,1.0,0.08333333333333333,0.15384615384615385,"[[1, 0], [11, 1]]",2026-09-16,random_forest,doppler,shuffled_6,session
0.39908256880733944,0.5,0.39908256880733944,1.0,0.5704918032786885,"[[0, 262], [0, 174]]",2026-09-17,svm,doppler,shuffled_6,window
0.375,0.5,0.375,1.0,0.5454545454545454,"[[0, 5], [0, 3]]",2026-09-17,svm,doppler,shuffled_6,session
0.40825688073394495,0.5076335877862596,0.4027777777777778,1.0,0.5742574257425742,"[[4, 258], [0, 174]]",2026-09-17,random_forest,doppler,shuffled_6,window
0.375,0.5,0.375,1.0,0.5454545454545454,"[[0, 5], [0, 3]]",2026-09-17,random_forest,doppler,shuffled_6,session
0.5,0.5,0.5,1.0,0.6666666666666666,"[[0, 320], [0, 320]]",2026-09-21,svm,doppler,shuffled_6,window
0.5,0.5,0.5,1.0,0.6666666666666666,"[[0, 4], [0, 4]]",2026-09-21,svm,doppler,shuffled_6,session
0.5015625,0.5015625,0.5045045045045045,0.175,0.25986078886310904,"[[265, 55], [264, 56]]",2026-09-21,random_forest,doppler,shuffled_6,window
0.5,0.5,0.0,0.0,0.0,"[[4, 0], [4, 0]]",2026-09-21,random_forest,doppler,shuffled_6,session
0.6175,0.47916666666666663,0.6895522388059702,0.825,0.751219512195122,"[[32, 208], [98, 462]]",2026-09-22,svm,doppler,shuffled_6,window
0.7,0.5,0.7,1.0,0.8235294117647058,"[[0, 3], [0, 7]]",2026-09-22,svm,doppler,shuffled_6,session
0.3175,0.4755952380952381,0.5921052631578947,0.08035714285714286,0.14150943396226415,"[[209, 31], [515, 45]]",2026-09-22,random_forest,doppler,shuffled_6,window
0.3,0.5,0.0,0.0,0.0,"[[3, 0], [7, 0]]",2026-09-22,random_forest,doppler,shuffled_6,session
0.6038461538461538,0.5084375,0.6197478991596639,0.921875,0.7412060301507538,"[[38, 362], [50, 590]]",2026-09-24,svm,doppler,shuffled_6,window
0.6153846153846154,0.5,0.6153846153846154,1.0,0.7619047619047619,"[[0, 5], [0, 8]]",2026-09-24,svm,doppler,shuffled_6,session
0.40865384615384615,0.49515625,0.5968992248062015,0.1203125,0.20026007802340703,"[[348, 52], [563, 77]]",2026-09-24,random_forest,doppler,shuffled_6,window
0.38461538461538464,0.5,0.0,0.0,0.0,"[[5, 0], [8, 0]]",2026-09-24,random_forest,doppler,shuffled_6,session
0.659206510681587,0.51636172353856,0.6617647058823529,0.9797822706065319,0.7899686520376176,"[[18, 322], [13, 630]]",2026-09-15,svm,doppler,shuffled_7,window
0.6428571428571429,0.5,0.6428571428571429,1.0,0.782608695652174,"[[0, 5], [0, 9]]",2026-09-15,svm,doppler,shuffled_7,session
0.6581892166836215,0.660417619613942,0.7879924953095685,0.6531881804043546,0.7142857142857143,"[[227, 113], [223, 420]]",2026-09-15,random_forest,doppler,shuffled_7,window
0.6428571428571429,0.6777777777777778,0.8333333333333334,0.5555555555555556,0.6666666666666666,"[[4, 1], [4, 5]]",2026-09-15,random_forest,doppler,shuffled_7,session
0.7411764705882353,0.5094724220623501,0.7470010905125409,0.9856115107913669,0.8498759305210918,"[[8, 232], [10, 685]]",2026-09-16,svm,doppler,shuffled_7,window
0.7692307692307693,0.5,0.7692307692307693,1.0,0.8695652173913043,"[[0, 3], [0, 10]]",2026-09-16,svm,doppler,shuffled_7,session
0.6598930481283423,0.7043914868105515,0.8968421052631579,0.6129496402877698,0.7282051282051282,"[[191, 49], [269, 426]]",2026-09-16,random_forest,doppler,shuffled_7,window
0.6923076923076923,0.8,1.0,0.6,0.75,"[[3, 0], [4, 6]]",2026-09-16,random_forest,doppler,shuffled_7,session
0.518348623853211,0.518348623853211,0.5099009900990099,0.944954128440367,0.662379421221865,"[[20, 198], [12, 206]]",2026-09-17,svm,doppler,shuffled_7,window
0.5,0.5,0.5,1.0,0.6666666666666666,"[[0, 4], [0, 4]]",2026-09-17,svm,doppler,shuffled_7,session
0.573394495412844,0.573394495412844,0.5446927374301676,0.8944954128440367,0.6770833333333334,"[[55, 163], [23, 195]]",2026-09-17,random_forest,doppler,shuffled_7,window
0.5,0.5,0.5,0.75,0.6,"[[1, 3], [1, 3]]",2026-09-17,random_forest,doppler,shuffled_7,session
0.725,0.5166666666666667,0.7567567567567568,0.9333333333333333,0.835820895522388,"[[16, 144], [32, 448]]",2026-09-21,svm,doppler,shuffled_7,window
0.75,0.5,0.75,1.0,0.8571428571428571,"[[0, 2], [0, 6]]",2026-09-21,svm,doppler,shuffled_7,session
0.4921875,0.503125,0.752442996742671,0.48125,0.5870393900889453,"[[84, 76], [249, 231]]",2026-09-21,random_forest,doppler,shuffled_7,window
0.25,0.3333333333333333,0.5,0.16666666666666666,0.25,"[[1, 1], [5, 1]]",2026-09-21,random_forest,doppler,shuffled_7,session
0.7825,0.51953125,0.8065789473684211,0.9578125,0.8757142857142857,"[[13, 147], [27, 613]]",2026-09-22,svm,doppler,shuffled_7,window
0.8,0.5,0.8,1.0,0.8888888888888888,"[[0, 2], [0, 8]]",2026-09-22,svm,doppler,shuffled_7,session
0.34625,0.53046875,0.8461538461538461,0.2234375,0.3535228677379481,"[[134, 26], [497, 143]]",2026-09-22,random_forest,doppler,shuffled_7,window
0.2,0.5,0.0,0.0,0.0,"[[2, 0], [8, 0]]",2026-09-22,random_forest,doppler,shuffled_7,session
0.5384615384615384,0.5005952380952381,0.5387596899224806,0.9928571428571429,0.6984924623115578,"[[4, 476], [4, 556]]",2026-09-24,svm,doppler,shuffled_7,window
0.5384615384615384,0.5,0.5384615384615384,1.0,0.7,"[[0, 6], [0, 7]]",2026-09-24,svm,doppler,shuffled_7,session
0.5317307692307692,0.4980654761904762,0.5374358974358975,0.9357142857142857,0.6827361563517915,"[[29, 451], [36, 524]]",2026-09-24,random_forest,doppler,shuffled_7,window
0.5384615384615384,0.5,0.5384615384615384,1.0,0.7,"[[0, 6], [0, 7]]",2026-09-24,random_forest,doppler,shuffled_7,session
