session_dir,label,person_id,motion,start_ts,duration_s,transport_used,board_mac,ap_source,sample_count
authorized/2026-09-09/20260909_152250_anjali,authorized,anjali,walking,1788947570.531655,300.11800932884216,tcp,ac:27:6e:a5:5b:c8,home-router,65704
authorized/2026-09-09/20260909_154313_barath,authorized,barath,walking,1788948793.5696754,300.00555396080017,tcp,ac:27:6e:a5:5b:c8,home-router,60991
authorized/2026-09-09/20260909_155546_barath,authorized,barath,walking,1788949546.8598192,300.0106701850891,tcp,ac:27:6e:a5:5b:c8,home-router,64747
authorized/2026-09-09/20260909_160122_barath,authorized,barath,walking,1788949882.395846,300.0069534778595,tcp,ac:27:6e:a5:5b:c8,home-router,65588
authorized/2026-09-09/20260909_162219_anjali,authorized,anjali,walking,1788951139.7173963,300.01192140579224,tcp,ac:27:6e:a5:5b:c8,home-router,64487
authorized/2026-09-09/20260909_162905_anjali,authorized,anjali,standing,1788951545.1693726,300.01291847229004,tcp,ac:27:6e:a5:5b:c8,home-router,65060
authorized/2026-09-09/20260909_163531_barath,authorized,barath,standing,1788951931.8857093,300.00409984588623,tcp,ac:27:6e:a5:5b:c8,home-router,62295
authorized/2026-09-09/20260909_164242_anjali,authorized,anjali,standing,1788952362.7543378,300.0118672847748,tcp,ac:27:6e:a5:5b:c8,home-router,55529
authorized/2026-09-10/20260910_141818_barath,authorized,barath,walking,1789030098.4761999,300.00507855415344,tcp,ac:27:6e:a5:5b:c8,home-router,68633
authorized/2026-09-10/20260910_142422_barath,authorized,barath,walking,1789030462.451248,240.0022714138031,tcp,ac:27:6e:a5:5b:c8,home-router,50756
authorized/2026-09-10/20260910_142945_barath,authorized,barath,standing,1789030785.319497,240.00197005271912,tcp,ac:27:6e:a5:5b:c8,home-router,50852
authorized/2026-09-10/20260910_152119_barath,authorized,barath,walking,1789033879.423331,300.0100350379944,tcp,ac:27:6e:a5:5b:c8,home-router,59482
authorized/2026-09-10/20260910_152831_anjali,authorized,anjali,walking,1789034311.411039,300.0125596523285,tcp,ac:27:6e:a5:5b:c8,home-router,49644
authorized/2026-09-10/20260910_153408_anjali,authorized,anjali,standing,1789034648.879786,300.00584602355957,tcp,ac:27:6e:a5:5b:c8,home-router,58346
authorized/2026-09-10/20260910_155739_anjali,authorized,anjali,walking,1789036059.4751735,219.77957487106323,tcp,ac:27:6e:a5:5b:c8,home-router,7851
authorized/2026-09-10/20260910_160240_anjali,authorized,anjali,walking,1789036360.4449313,240.0531952381134,tcp,ac:27:6e:a5:5b:c8,home-router,12235
authorized/2026-09-10/20260910_161520_anjali,authorized,anjali,standing,1789037120.5861251,240.09257054328918,tcp,ac:27:6e:a5:5b:c8,home-router,31589
none/2026-09-09/20260909_150547,none,,,1788946547.491724,180.0318193435669,tcp,ac:27:6e:a5:5b:c8,home-router,44390
none/2026-09-09/20260909_150907,none,,,1788946747.2681074,111.59463906288147,tcp,ac:27:6e:a5:5b:c8,home-router,19838
none/2026-09-09/20260909_151101,none,,,1788946861.7606711,180.00474047660828,tcp,ac:27:6e:a5:5b:c8,home-router,52970
none/2026-09-09/20260909_151419,none,,,1788947059.149322,240.0041482448578,tcp,ac:27:6e:a5:5b:c8,home-router,49470
none/2026-09-09/20260909_151829,none,,,1788947309.1293406,240.0137448310852,tcp,ac:27:6e:a5:5b:c8,home-router,50893
none/2026-09-09/20260909_152953,none,,,1788947993.7853522,240.00415754318237,tcp,ac:27:6e:a5:5b:c8,home-router,50646
none/2026-09-09/20260909_153421,none,,,1788948261.9446254,240.0040590763092,tcp,ac:27:6e:a5:5b:c8,home-router,50683
none/2026-09-09/20260909_153828,none,,,1788948508.1083925,240.005277633667,tcp,ac:27:6e:a5:5b:c8,home-router,41563
none/2026-09-09/20260909_154916,none,,,1788949156.9807389,240.01422715187073,tcp,ac:27:6e:a5:5b:c8,home-router,48801
none/2026-09-09/20260909_160646,none,,,1788950206.7532866,500.0084578990936,tcp,ac:27:6e:a5:5b:c8,home-router,110266
none/2026-09-09/20260909_161636,none,,,1788950796.4984825,240.0042209625244,tcp,ac:27:6e:a5:5b:c8,home-router,53363
none/2026-09-10/20260910_121715,none,,,1789022835.3920538,300.0130989551544,tcp,ac:27:6e:a5:5b:c8,home-router,40728
none/2026-09-10/20260910_122310,none,,,1789023190.9851484,72.32306575775146,tcp,ac:27:6e:a5:5b:c8,home-router,8431
none/2026-09-10/20260910_130535,none,,,1789025735.7561677,163.032399892807,tcp,ac:27:6e:a5:5b:c8,home-router,9257
none/2026-09-10/20260910_131843,none,,,1789026523.0646698,360.01600098609924,tcp,ac:27:6e:a5:5b:c8,home-router,57340
none/2026-09-10/20260910_132528,none,,,1789026928.1073759,343.9162428379059,tcp,ac:27:6e:a5:5b:c8,home-router,69183
none/2026-09-10/20260910_133138,none,,,1789027298.4626758,2400.0055015087128,tcp,ac:27:6e:a5:5b:c8,home-router,558460
none/2026-09-10/20260910_150510,none,,,1789032910.1311061,212.20534443855286,tcp,ac:27:6e:a5:5b:c8,home-router,35122
none/2026-09-10/20260910_153925,none,,,1789034965.307679,474.5801718235016,tcp,ac:27:6e:a5:5b:c8,home-router,20176
unauthorized/2026-09-09/20260909_164850_divya,unauthorized,divya,walking,1788952730.5213492,120.00442266464233,tcp,ac:27:6e:a5:5b:c8,home-router,28633
unauthorized/2026-09-09/20260909_165138_divya,unauthorized,divya,standing,1788952898.2616765,120.02178740501404,tcp,ac:27:6e:a5:5b:c8,home-router,24804
unauthorized/2026-09-09/20260909_165415_manas,unauthorized,manas,standing,1788953055.307165,120.00212168693542,tcp,ac:27:6e:a5:5b:c8,home-router,26296
unauthorized/2026-09-09/20260909_165634_manas,unauthorized,manas,walking,1788953194.5805295,120.00190162658691,tcp,ac:27:6e:a5:5b:c8,home-router,27148
unauthorized/2026-09-09/20260909_165906_harshitha,unauthorized,harshitha,walking,1788953346.5550876,120.02153158187866,tcp,ac:27:6e:a5:5b:c8,home-router,25786
unauthorized/2026-09-09/20260909_170134_harshitha,unauthorized,harshitha,standing,1788953494.200343,120.01270127296448,tcp,ac:27:6e:a5:5b:c8,home-router,27652
unauthorized/2026-09-09/20260909_170448_sumanth,unauthorized,sumanth,standing,1788953688.1942039,120.00247955322266,tcp,ac:27:6e:a5:5b:c8,home-router,30038
unauthorized/2026-09-09/20260909_170705_sumanth,unauthorized,sumanth,walking,1788953825.9962068,120.01449942588806,tcp,ac:27:6e:a5:5b:c8,home-router,24822
unauthorized/2026-09-09/20260909_171050_siva,unauthorized,siva,walking,1788954050.5333412,120.00847673416138,tcp,ac:27:6e:a5:5b:c8,home-router,23321
unauthorized/2026-09-09/20260909_171311_siva,unauthorized,siva,standing,1788954191.4124794,120.07123565673828,tcp,ac:27:6e:a5:5b:c8,home-router,26856
unauthorized/2026-09-09/20260909_171537_vishwa,unauthorized,vishwa,standing,1788954337.2373397,120.00334191322327,tcp,ac:27:6e:a5:5b:c8,home-router,26745
unauthorized/2026-09-09/20260909_171758_vishwa,unauthorized,vishwa,walking,1788954478.550341,120.00273537635803,tcp,ac:27:6e:a5:5b:c8,home-router,27167
unauthorized/2026-09-09/20260909_172036_kishore,unauthorized,kishore,walking,1788954636.5398717,120.01192736625671,tcp,ac:27:6e:a5:5b:c8,home-router,24798
unauthorized/2026-09-09/20260909_172301_kishore,unauthorized,kishore,standing,1788954781.0360389,120.02188205718994,tcp,ac:27:6e:a5:5b:c8,home-router,25058
unauthorized/2026-09-09/20260909_172558_vasu,unauthorized,vasu,standing,1788954958.163269,120.01265835762024,tcp,ac:27:6e:a5:5b:c8,home-router,27828
unauthorized/2026-09-09/20260909_172812_vasu,unauthorized,vasu,walking,1788955092.8988636,120.01211380958557,tcp,ac:27:6e:a5:5b:c8,home-router,27302
unauthorized/2026-09-09/20260909_173036_sai,unauthorized,sai,walking,1788955236.2720647,120.01270818710327,tcp,ac:27:6e:a5:5b:c8,home-router,28011
unauthorized/2026-09-09/20260909_173254_sai,unauthorized,sai,standing,1788955374.1040208,120.01200747489929,tcp,ac:27:6e:a5:5b:c8,home-router,27697
unauthorized/2026-09-10/20260910_154822_manas,unauthorized,manas,standing,1789035502.209529,120.00941562652588,tcp,ac:27:6e:a5:5b:c8,home-router,9016
unauthorized/2026-09-10/20260910_155023_manas,unauthorized,manas,standing,1789035623.182032,120.13901138305664,tcp,ac:27:6e:a5:5b:c8,home-router,8033
unauthorized/2026-09-10/20260910_155305_manas,unauthorized,manas,walking,1789035785.4359615,122.60342049598694,tcp,ac:27:6e:a5:5b:c8,home-router,16783
unauthorized/2026-09-10/20260910_155509_manas,unauthorized,manas,walking,1789035909.8549585,120.12231850624084,tcp,ac:27:6e:a5:5b:c8,home-router,28725
unauthorized/2026-09-10/20260910_160835_divya,unauthorized,divya,walking,1789036715.2466397,180.00267267227173,tcp,ac:27:6e:a5:5b:c8,home-router,9094
unauthorized/2026-09-10/20260910_161154_divya,unauthorized,divya,standing,1789036914.7005844,180.01283192634583,tcp,ac:27:6e:a5:5b:c8,home-router,20774
unauthorized/2026-09-10/20260910_162110_harshitha,unauthorized,harshitha,standing,1789037470.0791752,180.024587392807,tcp,ac:27:6e:a5:5b:c8,home-router,26501
unauthorized/2026-09-10/20260910_162443_harshitha,unauthorized,harshitha,walking,1789037683.2960048,180.01444101333618,tcp,ac:27:6e:a5:5b:c8,home-router,35536
unauthorized/2026-09-10/20260910_162838_sumanth,unauthorized,sumanth,walking,1789037918.5212297,266.0321683883667,tcp,ac:27:6e:a5:5b:c8,home-router,19953
unauthorized/2026-09-10/20260910_163404_sai,unauthorized,sai,walking,1789038244.7505217,180.01223731040955,tcp,ac:27:6e:a5:5b:c8,home-router,28494
unauthorized/2026-09-10/20260910_163734_sai,unauthorized,sai,standing,1789038454.0025165,180.009703874588,tcp,ac:27:6e:a5:5b:c8,home-router,34752
unauthorized/2026-09-10/20260910_164121_sumanth,unauthorized,sumanth,standing,1789038681.0344417,180.0133216381073,tcp,ac:27:6e:a5:5b:c8,home-router,33673
unauthorized/2026-09-10/20260910_164437_abdul,unauthorized,abdul,standing,1789038877.5489461,120.00238132476807,tcp,ac:27:6e:a5:5b:c8,home-router,14284
unauthorized/2026-09-10/20260910_164655_abdul,unauthorized,abdul,walking,1789039015.3500469,120.00842809677124,tcp,ac:27:6e:a5:5b:c8,home-router,12674
unauthorized/2026-09-10/20260910_164915_vishwa,unauthorized,vishwa,walking,1789039155.8201375,120.15434861183167,tcp,ac:27:6e:a5:5b:c8,home-router,13163
unauthorized/2026-09-10/20260910_165133_vishwa,unauthorized,vishwa,standing,1789039293.1159196,120.01559519767761,tcp,ac:27:6e:a5:5b:c8,home-router,11777
unauthorized/2026-09-10/20260910_165356_kishore,unauthorized,kishore,standing,1789039436.8400555,120.00380969047546,tcp,ac:27:6e:a5:5b:c8,home-router,13363
unauthorized/2026-09-10/20260910_165610_kishore,unauthorized,kishore,walking,1789039570.3506885,120.04305696487427,tcp,ac:27:6e:a5:5b:c8,home-router,15264
unauthorized/2026-09-10/20260910_165843_siva,unauthorized,siva,walking,1789039723.2955048,120.02488493919373,tcp,ac:27:6e:a5:5b:c8,home-router,23755
unauthorized/2026-09-10/20260910_170103_siva,unauthorized,siva,standing,1789039863.7697823,120.0046317577362,tcp,ac:27:6e:a5:5b:c8,home-router,20801
